--Create Database

CREATE DATABASE Practice_SQL;

--Create Table

CREATE TABLE movies (
    id INT PRIMARY KEY,
    title VARCHAR(100),
    director VARCHAR(100),
    year INT,
    length_minutes INT
);

--Insert Records

INSERT INTO movies (id, title, director, year, length_minutes)
VALUES
(1, 'Toy Story', 'John Lasseter', 1995, 81),
(2, 'A Bug''s Life', 'John Lasseter', 1998, 95),
(3, 'Toy Story 2', 'John Lasseter', 1999, 93),
(4, 'Monsters, Inc.', 'Pete Docter', 2001, 92),
(5, 'Finding Nemo', 'Andrew Stanton', 2003, 107),
(6, 'The Incredibles', 'Brad Bird', 2004, 116),
(7, 'Cars', 'John Lasseter', 2006, 117),
(8, 'Ratatouille', 'Brad Bird', 2007, 115),
(9, 'WALL-E', 'Andrew Stanton', 2008, 104),
(10, 'Up', 'Pete Docter', 2009, 101),
(11, 'Toy Story 3', 'Lee Unkrich', 2010, 103),
(12, 'Cars 2', 'John Lasseter', 2011, 120),
(13, 'Brave', 'Brenda Chapman', 2012, 102),
(14, 'Monsters University', 'Dan Scanlon', 2013, 110);


--Verify Data

SELECT * FROM movies;

--Create Table

CREATE TABLE Boxoffice(
    Movie_id INT PRIMARY KEY,
    Rating NUMERIC(3,1), 
    Domestic_sales BIGINT, 
    International_sales BIGINTINT
    );


----Insert Records

INSERT INTO Boxoffice(Movie_id, Rating, Domestic_sales, International_sales) 
VALUES
(5, 8.2, 380843261,	555900000),
(14, 7.4, 268492764, 475066843),
(8, 8.0, 206445654, 417277164),
(12, 6.4, 191452396, 368400000),
(3, 7.9, 245852179, 239163000),
(6, 8.0, 261441092, 370001000),
(9, 8.5, 223808164, 297503696),
(11, 8.4, 415004880, 648167031),
(1, 8.3, 191796233, 170162503),
(7, 7.2, 244082982, 217900167),
(10, 8.3, 293004164, 438338580),
(4, 8.1, 289916256, 272900000),
(2, 7.2, 162798565, 200600000),
(13, 7.2, 237283207, 301700000);

--Verify Data

SELECT * FROM Boxoffice;

--CREATE TABLE

CREATE TABLE Buildings(
    Building_name VARCHAR(10) PRIMARY KEY, ,
    Capacity INT
)

--INSERT RECORDS

INSERT INTO Buildings(Building_name, Capacity)
VALUES
('1e', 24),
('1w', 32),
('2e', 16),
('2w', 20);

--Verify Data

SELECT * FROM Buildings;

--CREATE TABLE

CREATE TABLE employees (
    role VARCHAR(50),
    name VARCHAR(100),
    building VARCHAR(10),
    years_employed INT,
    FOREIGN KEY (building)
        REFERENCES buildings(building_name)
);

--INSERT RECORDS

INSERT INTO employees (role, name, building, years_employed)
VALUES
('Engineer', 'Becky A.', '1e', 4),
('Engineer', 'Dan B.', '1e', 2),
('Engineer', 'Sharon F.', '1e', 6),
('Engineer', 'Dan M.', '1e', 4),
('Engineer', 'Malcom S.', '1e', 1),
('Artist',	'Tylar S.',	'2w', 2),
('Artist',	'Sherman D.','2w',8),
('Artist',	'Jakob J.',	'2w',6),
('Artist',	'Lillia A.','2w',7),
('Artist',	'Brandon J.','2w',7),
('Manager',	'Scott K.',	'1e',9),
('Manager',	'Shirlee M.','1e',3),
('Manager',	'Daria O.',	'2w',6),
('Engineer', 'Yancy I.', NULL,	0),
('Artist',	'Oliver P.', NULL,	0);

--Verify Data

SELECT * FROM employees;